Workbook

Sheet Expenses
A1: Category | B1: Budget
A2: Food | B2: 50000
A3: Transportation | B3: 20000
A4: Entertainment | B4: 10000
A5: Utilities | B5: 10000
A6: Miscellaneous | B6: 10000
A10: Date | B10: Category | C10: Amount | D10: Description
A11: 46023 | B11: Food | C11: 250 | D11: Breakfast
A12: 46023 | B12: Transportation | C12: 400 | D12: Train ticket
A13: 46023 | B13: Food | C13: 1000 | D13: Lunch
A14: 46023 | B14: Food | C14: 200 | D14: Snack
A15: 46023 | B15: Food | C15: 1500 | D15: Dinner
A16: 46023 | B16: Entertainment | C16: 1200 | D16: Movie
A18: 46024 | B18: Food | C18: 300 | D18: Breakfast
A19: 46024 | B19: Transportation | C19: 400 | D19: Train ticket
A20: 46024 | B20: Food | C20: 900 | D20: Lunch
A21: 46024 | B21: Food | C21: 250 | D21: Snack
A22: 46024 | B22: Food | C22: 1400 | D22: Dinner
A24: 46025 | B24: Food | C24: 250 | D24: Breakfast
... A210: 46053 | B210: Food | C210: 1800 | D210: Dinner

Sheet Summary
A1: Category | B1: Budget | C1: Actual Spend | D1: Difference | E1: Status
A2: =Expenses!A2 -> Food | B2: =Expenses!B2 -> 50000 | C2: =SUMIFS(Expenses!$C$11:$C$210, Expenses!$B$11:$B$210, A2) -> 95810 | D2: =B2-C2 -> -45810 | E2: =IF(D2<0, "OVER BUDGET", " UNDER BUDGET") -> OVER BUDGET
A3: =Expenses!A3 -> Transportation | B3: =Expenses!B3 -> 20000 | C3: =SUMIFS(Expenses!$C$11:$C$210, Expenses!$B$11:$B$210, A3) -> 14500 | D3: =B3-C3 -> 5500 | E3: =IF(D3<0, "OVER BUDGET", " UNDER BUDGET") -> UNDER BUDGET
A4: =Expenses!A4 -> Entertainment | B4: =Expenses!B4 -> 10000 | C4: =SUMIFS(Expenses!$C$11:$C$210, Expenses!$B$11:$B$210, A4) -> 12500 | D4: =B4-C4 -> -2500 | E4: =IF(D4<0, "OVER BUDGET", " UNDER BUDGET") -> OVER BUDGET
A5: =Expenses!A5 -> Utilities | B5: =Expenses!B5 -> 10000 | C5: =SUMIFS(Expenses!$C$11:$C$210, Expenses!$B$11:$B$210, A5) -> 12000 | D5: =B5-C5 -> -2000 | E5: =IF(D5<0, "OVER BUDGET", " UNDER BUDGET") -> OVER BUDGET
A6: =Expenses!A6 -> Miscellaneous | B6: =Expenses!B6 -> 10000 | C6: =SUMIFS(Expenses!$C$11:$C$210, Expenses!$B$11:$B$210, A6) -> 4200 | D6: =B6-C6 -> 5800 | E6: =IF(D6<0, "OVER BUDGET", " UNDER BUDGET") -> UNDER BUDGET
